{"epoch": 0, "loss": 2.0612194538116455, "_timestamp": 1697811474.248307, "parameters/conv1.weight": {"_type": "histogram", "values": [1.0, 0.0, 0.0, 2.0, 1.0, 0.0, 1.0, 3.0, 0.0, 3.0, 1.0, 2.0, 1.0, 1.0, 5.0, 3.0, 3.0, 1.0, 7.0, 5.0, 4.0, 4.0, 3.0, 5.0, 3.0, 4.0, 3.0, 0.0, 2.0, 2.0, 0.0, 2.0, 4.0, 0.0, 4.0, 2.0, 5.0, 3.0, 2.0, 3.0, 3.0, 3.0, 0.0, 1.0, 1.0, 3.0, 5.0, 3.0, 3.0, 2.0, 3.0, 1.0, 5.0, 4.0, 2.0, 3.0, 0.0, 4.0, 1.0, 2.0, 3.0, 0.0, 2.0, 1.0], "bins": [-0.2975069582462311, -0.2881825268268585, -0.27885809540748596, -0.2695336639881134, -0.26020923256874084, -0.2508848011493683, -0.24156035482883453, -0.23223592340946198, -0.22291149199008942, -0.21358706057071686, -0.2042626291513443, -0.19493818283081055, -0.185613751411438, -0.17628931999206543, -0.16696488857269287, -0.1576404571533203, -0.14831602573394775, -0.1389915943145752, -0.12966716289520264, -0.12034273147583008, -0.11101830005645752, -0.10169385373592377, -0.09236942231655121, -0.08304499089717865, -0.07372055947780609, -0.06439612805843353, -0.055071696639060974, -0.04574725031852722, -0.03642281889915466, -0.027098387479782104, -0.017773956060409546, -0.008449524641036987, 0.0008748769760131836, 0.010199308395385742, 0.0195237398147583, 0.02884817123413086, 0.03817260265350342, 0.04749703407287598, 0.05682148039340973, 0.06614591181278229, 0.07547034323215485, 0.0847947746515274, 0.09411920607089996, 0.10344363749027252, 0.11276808381080627, 0.12209251523017883, 0.1314169466495514, 0.14074137806892395, 0.1500658094882965, 0.15939024090766907, 0.16871467232704163, 0.17803910374641418, 0.18736353516578674, 0.1966879665851593, 0.20601241290569305, 0.2153368443250656, 0.22466127574443817, 0.23398570716381073, 0.2433101385831833, 0.25263458490371704, 0.2619590163230896, 0.27128344774246216, 0.2806078791618347, 0.2899323105812073, 0.29925674200057983]}, "parameters/conv1.bias": {"_type": "histogram", "values": [1.0, 0.0, 0.0, 0.0, 0.0, 0.0, 1.0, 0.0, 1.0, 0.0, 0.0, 0.0, 0.0, 0.0, 0.0, 0.0, 0.0, 0.0, 0.0, 0.0, 0.0, 0.0, 0.0, 0.0, 1.0, 0.0, 0.0, 0.0, 0.0, 0.0, 0.0, 0.0, 0.0, 0.0, 0.0, 0.0, 0.0, 0.0, 0.0, 0.0, 0.0, 0.0, 0.0, 0.0, 0.0, 0.0, 0.0, 0.0, 0.0, 0.0, 0.0, 0.0, 0.0, 1.0, 0.0, 0.0, 0.0, 0.0, 0.0, 0.0, 0.0, 0.0, 0.0, 1.0], "bins": [-0.059377916157245636, -0.05818643420934677, -0.056994952261447906, -0.05580347031354904, -0.05461198836565018, -0.05342050641775131, -0.05222902446985245, -0.05103754252195358, -0.04984606057405472, -0.04865457862615585, -0.04746309667825699, -0.04627161845564842, -0.04508013650774956, -0.04388865455985069, -0.04269717261195183, -0.04150569066405296, -0.0403142087161541, -0.039122726768255234, -0.03793124482035637, -0.036739762872457504, -0.03554828092455864, -0.03435680270195007, -0.03316532075405121, -0.031973838806152344, -0.03078235499560833, -0.029590873047709465, -0.0283993910998106, -0.027207911014556885, -0.02601642906665802, -0.024824947118759155, -0.02363346517086029, -0.022441983222961426, -0.02125050313770771, -0.020059021189808846, -0.01886753924190998, -0.017676057294011116, -0.01648457534611225, -0.015293093398213387, -0.014101613312959671, -0.012910131365060806, -0.011718649417161942, -0.010527167469263077, -0.009335685521364212, -0.008144203573465347, -0.006952723488211632, -0.005761241540312767, -0.004569759592413902, -0.0033782776445150375, -0.002186795696616173, -0.000995313748717308, 0.0001961681991815567, 0.0013876492157578468, 0.0025791311636567116, 0.0037706131115555763, 0.0049620941281318665, 0.006153576076030731, 0.007345058023929596, 0.00853653997182846, 0.009728021919727325, 0.010919502936303616, 0.01211098488420248, 0.013302466832101345, 0.014493947848677635, 0.0156854297965765, 0.016876911744475365]}, "parameters/conv2.weight": {"_type": "histogram", "values": [3.0, 2.0, 3.0, 8.0, 6.0, 7.0, 14.0, 26.0, 24.0, 29.0, 31.0, 35.0, 37.0, 40.0, 54.0, 50.0, 52.0, 72.0, 68.0, 88.0, 70.0, 78.0, 76.0, 78.0, 91.0, 83.0, 79.0, 77.0, 85.0, 78.0, 81.0, 75.0, 73.0, 91.0, 77.0, 73.0, 47.0, 46.0, 53.0, 58.0, 39.0, 33.0, 33.0, 26.0, 22.0, 29.0, 14.0, 14.0, 14.0, 7.0, 15.0, 2.0, 3.0, 5.0, 7.0, 1.0, 4.0, 1.0, 4.0, 5.0, 0.0, 1.0, 2.0, 1.0], "bins": [-0.19325992465019226, -0.18638528883457184, -0.17951065301895142, -0.172636017203331, -0.16576138138771057, -0.15888676047325134, -0.15201212465763092, -0.1451374888420105, -0.13826285302639008, -0.13138821721076965, -0.12451358139514923, -0.1176389530301094, -0.11076431721448898, -0.10388968139886856, -0.09701505303382874, -0.09014041721820831, -0.08326578140258789, -0.07639114558696747, -0.06951650977134705, -0.06264187395572662, -0.0557672381401062, -0.04889261722564697, -0.04201798141002655, -0.03514334559440613, -0.028268709778785706, -0.021394073963165283, -0.01451943814754486, -0.0076448023319244385, -0.00077018141746521, 0.006104454398155212, 0.012979090213775635, 0.019853726029396057, 0.026728376746177673, 0.033603012561798096, 0.04047764837741852, 0.04735228419303894, 0.05422692000865936, 0.06110154092311859, 0.06797617673873901, 0.07485081255435944, 0.08172544836997986, 0.08860008418560028, 0.0954747200012207, 0.10234935581684113, 0.10922397673130035, 0.11609861254692078, 0.1229732483625412, 0.12984788417816162, 0.13672251999378204, 0.14359715580940247, 0.1504717916250229, 0.1573464274406433, 0.16422104835510254, 0.17109569907188416, 0.17797031998634338, 0.1848449558019638, 0.19171959161758423, 0.19859422743320465, 0.20546886324882507, 0.2123434841632843, 0.21921813488006592, 0.22609275579452515, 0.23296739161014557, 0.239842027425766, 0.2467166632413864]}, "parameters/conv2.bias": {"_type": "histogram", "values": [1.0, 0.0, 0.0, 0.0, 0.0, 1.0, 0.0, 0.0, 0.0, 0.0, 0.0, 1.0, 0.0, 0.0, 0.0, 0.0, 0.0, 0.0, 0.0, 0.0, 1.0, 1.0, 1.0, 1.0, 0.0, 0.0, 1.0, 0.0, 1.0, 2.0, 1.0, 0.0, 0.0, 0.0, 0.0, 0.0, 0.0, 0.0, 0.0, 0.0, 0.0, 0.0, 1.0, 1.0, 0.0, 0.0, 0.0, 0.0, 0.0, 0.0, 1.0, 0.0, 0.0, 0.0, 0.0, 0.0, 0.0, 0.0, 0.0, 0.0, 0.0, 0.0, 0.0, 1.0], "bins": [-0.10146122425794601, -0.09836253523826599, -0.09526384621858597, -0.09216515719890594, -0.08906646817922592, -0.0859677791595459, -0.08286909759044647, -0.07977040857076645, -0.07667171955108643, -0.0735730305314064, -0.07047434151172638, -0.06737565249204636, -0.06427696347236633, -0.06117827445268631, -0.058079589158296585, -0.05498090013861656, -0.05188221111893654, -0.048783522099256516, -0.04568483307957649, -0.04258614778518677, -0.039487458765506744, -0.03638876974582672, -0.0332900807261467, -0.030191391706466675, -0.02709270268678665, -0.02399401366710663, -0.020895324647426605, -0.01779664307832718, -0.014697954058647156, -0.011599265038967133, -0.00850057601928711, -0.005401886999607086, -0.002303197979927063, 0.0007954910397529602, 0.0038941800594329834, 0.006992869079113007, 0.01009155809879303, 0.013190247118473053, 0.01628892868757248, 0.019387617707252502, 0.022486306726932526, 0.02558499574661255, 0.028683684766292572, 0.031782373785972595, 0.03488106280565262, 0.03797975182533264, 0.041078437119722366, 0.04417712613940239, 0.04727581515908241, 0.050374504178762436, 0.05347319319844246, 0.056571878492832184, 0.05967056751251221, 0.06276925653219223, 0.06586794555187225, 0.06896663457155228, 0.0720653235912323, 0.07516401261091232, 0.07826270163059235, 0.08136138319969177, 0.0844600722193718, 0.08755876123905182, 0.09065745025873184, 0.09375613927841187, 0.09685482829809189]}, "parameters/fc_1.weight": {"_type": "histogram", "values": [1.0, 1.0, 0.0, 0.0, 1.0, 2.0, 4.0, 8.0, 15.0, 19.0, 27.0, 33.0, 41.0, 64.0, 77.0, 112.0, 129.0, 164.0, 273.0, 477.0, 673.0, 790.0, 922.0, 964.0, 1058.0, 1161.0, 1217.0, 1261.0, 1334.0, 1390.0, 1435.0, 1409.0, 1366.0, 1430.0, 1424.0, 1415.0, 1389.0, 1304.0, 1059.0, 864.0, 815.0, 704.0, 665.0, 524.0, 504.0, 422.0, 348.0, 318.0, 237.0, 218.0, 149.0, 127.0, 94.0, 85.0, 63.0, 50.0, 22.0, 27.0, 13.0, 9.0, 5.0, 6.0, 1.0, 1.0],